<?xml version="1.0" encoding="UTF-8" standalone="yes"?>
<manifest>
  <control namespace="PCFCONTROLS" constructor="ApplicationNotes" version="0.0.96" display-name-key="ApplicationNotes" description-key="ApplicationNotes description" control-type="standard" api-version="1.3.18">
    <external-service-usage enabled="false"/>
    <property name="sampleProperty" display-name-key="Property_Display_Key" description-key="Property_Desc_Key" of-type="SingleLine.Text" usage="bound" required="true"/>
    <property name="summary" display-name-key="summary_display_key" description-key="summary_description_key" of-type="Multiple" usage="input" required="false"/>
    <resources>
      <code path="bundle.js" order="1"/>
      <css path="css/ApplicationNotes.css" order="1"/>
    </resources>
    <feature-usage>
      <uses-feature name="Device.captureAudio" required="true"/>
      <uses-feature name="Device.captureImage" required="true"/>
      <uses-feature name="Device.captureVideo" required="true"/>
      <uses-feature name="Device.getBarcodeValue" required="true"/>
      <uses-feature name="Device.getCurrentPosition" required="true"/>
      <uses-feature name="Device.pickFile" required="true"/>
      <uses-feature name="Utility" required="true"/>
      <uses-feature name="WebAPI" required="true"/>
    </feature-usage>
    <built-by name="pac" version="1.50.1"/>
  </control>
</manifest>