<?xml version="1.0" encoding="UTF-8" standalone="yes"?>
<manifest>
  <control namespace="PCFCONTROLS" constructor="AccountsGridCustomizer" version="0.0.7" display-name-key="AccountsGridCustomizer" description-key="AccountsGridCustomizer description" control-type="virtual" api-version="1.3.18">
    <external-service-usage enabled="false"/>
    <property name="EventName" display-name-key="Property_Display_Key" description-key="Property_Desc_Key" of-type="SingleLine.Text" usage="bound" required="true"/>
    <resources>
      <code path="bundle.js" order="1"/>
      <platform-library name="React" version="16.14.0"/>
      <platform-library name="Fluent" version="8.121.1"/>
    </resources>
    <feature-usage/>
    <built-by name="pac" version="1.51.1"/>
  </control>
</manifest>