<?xml version="1.0" encoding="UTF-8" standalone="yes"?>
<manifest>
  <control namespace="PCFCONTROLS" constructor="AppUserRoles" version="0.0.12" display-name-key="AppUserRoles" description-key="AppUserRoles description" control-type="standard" api-version="1.3.18">
    <external-service-usage enabled="false"/>
    <data-set name="sampleDataSet" display-name-key="Dataset_Display_Key"/>
    <resources>
      <code path="bundle.js" order="1"/>
    </resources>
    <feature-usage>
      <uses-feature name="Device.captureAudio" required="true"/>
      <uses-feature name="Device.captureImage" required="true"/>
      <uses-feature name="Device.captureVideo" required="true"/>
      <uses-feature name="Device.getBarcodeValue" required="true"/>
      <uses-feature name="Device.getCurrentPosition" required="true"/>
      <uses-feature name="Device.pickFile" required="true"/>
      <uses-feature name="Utility" required="true"/>
      <uses-feature name="WebAPI" required="true"/>
    </feature-usage>
    <built-by name="pac" version="1.51.1"/>
  </control>
</manifest>