<?xml version="1.0" encoding="UTF-8" standalone="yes"?>
<manifest>
  <control namespace="SampleNamespace" constructor="PAGridCustomizer" version="0.0.5" display-name-key="PAGridCustomizer" description-key="PAGridCustomizer description" control-type="virtual" api-version="1.3.18">
    <property name="EventName" display-name-key="EventName" description-key="EventName" of-type="SingleLine.Text" usage="bound" required="true"/>
    <resources>
      <code path="bundle.js" order="1"/>
      <platform-library name="React" version="16.14.0"/>
      <platform-library name="Fluent" version="8.121.1"/>
    </resources>
    <feature-usage/>
    <built-by name="pac" version="1.51.1"/>
  </control>
</manifest>