<?xml version="1.0" encoding="UTF-8" standalone="yes"?>
<manifest>
  <control namespace="PCFCONTROLS" constructor="AssignedPeopleSubgrid" version="0.0.1" display-name-key="AssignedPeopleSubgrid" description-key="AssignedPeopleSubgrid description" control-type="standard" api-version="1.3.18">
    <external-service-usage enabled="false"/>
    <data-set name="sampleDataSet" display-name-key="Dataset_Display_Key"/>
    <resources>
      <code path="bundle.js" order="1"/>
    </resources>
    <feature-usage/>
    <built-by name="pac" version="1.47.1"/>
  </control>
</manifest>